{"eval/video": {"_type": "video-file", "sha256": "f42f1a84f6d109916b80dd54be1318809a109fc7fdd3fa4a6875cfd7c10102eb", "size": 69577, "path": "media/videos/eval/video_1950_f42f1a84f6d109916b80.gif", "width": 176, "height": 176}, "_timestamp": 1652233358, "_runtime": 1885, "_step": 2133, "eval_trajectory": {"_type": "image-file", "sha256": "0998f2cfdddb66b5b142760db14dd6541d289769d265f90d61cb6b8139f15521", "size": 14142, "path": "media/images/eval_trajectory_1951_0998f2cfdddb66b5b142.png", "format": "png", "width": 600, "height": 400}, "eval/total_time": 1692.2260251045227, "eval/episode_reward": 0.0, "eval/episode": 2000.0, "eval/step": 100000.0, "eval/state_coveraged(out of 150 bucekts)": 1.0, "eval/new_state_coveraged(out of 150 bucekts)": 3.0, "eval/num_learned_skills": 1.0, "eval/frame": 100000, "train/loss_vae": 2.739115514755249, "train/loss_pred": 0.6641313099861145, "train/intr_reward": 97.9194692993164, "train/extr_reward": 0.0, "train/batch_reward": 97.9194692993164, "train/critic_target_q": 11681.981640625, "train/critic_q1": 11682.5219921875, "train/critic_q2": 11682.5423828125, "train/critic_loss": 1722.762373046875, "train/actor_loss": -11701.860078125, "train/actor_logprob": 3.648663053512573, "train/actor_ent": -1.5239953994750977, "train/fps": 67.16218540223454, "train/total_time": 1854.177143573761, "train/episode_reward": 0.0, "train/episode_length": 50.0, "train/episode": 2181.0, "train/buffer_size": 109050.0, "train/step": 109050.0, "train/frame": 109050}